{
  "inspection_id": "insp_20260227_063227_54db197e",
  "created_at": "2026-02-27T06:32:27.669403+00:00",
  "status": "critical",
  "findings": [
    {
      "category": "operability",
      "severity": "critical",
      "subject": "readiness",
      "signal": "ready.status",
      "summary": "System readiness is degraded and requires operator attention.",
      "value": "degraded",
      "confidence": 0.98,
      "evidence": [
        "/v1/ready"
      ],
      "requires_human_review": true
    },
    {
      "category": "migration_gap",
      "severity": "high",
      "subject": "migration",
      "signal": "migration.status",
      "summary": "Database migration state is behind or unknown.",
      "value": "unknown",
      "confidence": 0.95,
      "evidence": [
        "/v1/migration/state"
      ],
      "requires_human_review": true
    },
    {
      "category": "stability",
      "severity": "medium",
      "subject": "http",
      "signal": "history.last_300s.http.status.5xx",
      "summary": "Recent HTTP 5xx responses detected in the last 5 minutes.",
      "value": 1,
      "confidence": 0.88,
      "evidence": [
        "/v1/telemetry"
      ],
      "requires_human_review": true
    }
  ],
  "signal_snapshot": {
    "created_at": "2026-02-27T06:32:27.640322+00:00",
    "readiness": {
      "status": "degraded",
      "checks": {
        "db": false,
        "skills": false,
        "cron": false,
        "audit_dir": true,
        "migration": false
      },
      "details": {
        "db": {
          "error": "No module named 'sqlalchemy'"
        },
        "skills": {
          "count": 0
        },
        "cron": {
          "started": false,
          "jobs": 0
        },
        "audit_dir": {
          "path": "/mnt/data/v45work/evidence/_smoke_v45"
        },
        "migration": {
          "enabled": true,
          "required": true,
          "head": "20260227_000001",
          "current": null,
          "status": "unknown",
          "ok": false,
          "error": "No module named 'sqlalchemy'"
        }
      },
      "errors": [
        "db:No module named 'sqlalchemy'",
        "migration:unknown"
      ]
    },
    "migration": {
      "enabled": true,
      "required": true,
      "head": "20260227_000001",
      "current": null,
      "status": "unknown",
      "ok": false,
      "error": "No module named 'sqlalchemy'"
    },
    "telemetry": {
      "aggregate": {
        "window": {
          "uptime_s": 0
        },
        "http": {
          "requests_total": 3,
          "status": {
            "2xx": 0,
            "4xx": 0,
            "5xx": 1
          },
          "latency": {
            "count": 0,
            "sum_s": 0.0,
            "avg_s": 0.0
          },
          "auth_failed_total": 0,
          "rate_limited_total": 0
        },
        "governor": {
          "evaluations_total": 0,
          "decisions": {
            "approved": 0,
            "warned": 0,
            "blocked": 0
          },
          "last_risk_score": 0.0
        },
        "skills": {
          "totals": {
            "invoke_total": 0,
            "success_total": 0,
            "failure_total": 0,
            "validation_error_total": 0,
            "access_denied_total": 0,
            "disabled_total": 0
          },
          "by_skill": {
            "invoke_total": {},
            "success_total": {},
            "failure_total": {},
            "validation_error_total": {},
            "access_denied_total": {}
          }
        },
        "cron": {
          "totals": {
            "execute_total": 0,
            "success_total": 0,
            "failure_total": 0,
            "blocked_total": 0
          },
          "by_job": {
            "execute_total": {},
            "success_total": {},
            "failure_total": {},
            "blocked_total": {}
          }
        },
        "sandbox": {
          "events_total": 0,
          "backend": {},
          "decision": {}
        }
      },
      "history": {
        "windows": {
          "last_60s": {
            "http": {
              "requests_total": 3,
              "status": {
                "2xx": 0,
                "4xx": 0,
                "5xx": 1
              },
              "latency": {
                "count": 0,
                "sum_s": 0,
                "avg_s": 0.0
              },
              "auth_failed_total": 0,
              "rate_limited_total": 0
            },
            "governor": {
              "evaluations_total": 0,
              "approved_total": 0,
              "warned_total": 0,
              "blocked_total": 0
            },
            "skills": {
              "invoke_total": 0,
              "success_total": 0,
              "failure_total": 0,
              "validation_error_total": 0,
              "access_denied_total": 0,
              "by_skill": {
                "invoke_total": {},
                "success_total": {},
                "failure_total": {},
                "validation_error_total": {},
                "access_denied_total": {}
              }
            },
            "cron": {
              "execute_total": 0,
              "success_total": 0,
              "failure_total": 0,
              "blocked_total": 0,
              "by_job": {
                "execute_total": {},
                "success_total": {},
                "failure_total": {},
                "blocked_total": {}
              }
            },
            "sandbox": {
              "events_total": 0,
              "blocked_total": 0,
              "approved_total": 0,
              "warned_total": 0,
              "by_backend": {},
              "by_decision": {}
            }
          },
          "last_300s": {
            "http": {
              "requests_total": 3,
              "status": {
                "2xx": 0,
                "4xx": 0,
                "5xx": 1
              },
              "latency": {
                "count": 0,
                "sum_s": 0,
                "avg_s": 0.0
              },
              "auth_failed_total": 0,
              "rate_limited_total": 0
            },
            "governor": {
              "evaluations_total": 0,
              "approved_total": 0,
              "warned_total": 0,
              "blocked_total": 0
            },
            "skills": {
              "invoke_total": 0,
              "success_total": 0,
              "failure_total": 0,
              "validation_error_total": 0,
              "access_denied_total": 0,
              "by_skill": {
                "invoke_total": {},
                "success_total": {},
                "failure_total": {},
                "validation_error_total": {},
                "access_denied_total": {}
              }
            },
            "cron": {
              "execute_total": 0,
              "success_total": 0,
              "failure_total": 0,
              "blocked_total": 0,
              "by_job": {
                "execute_total": {},
                "success_total": {},
                "failure_total": {},
                "blocked_total": {}
              }
            },
            "sandbox": {
              "events_total": 0,
              "blocked_total": 0,
              "approved_total": 0,
              "warned_total": 0,
              "by_backend": {},
              "by_decision": {}
            }
          },
          "last_3600s": {
            "http": {
              "requests_total": 3,
              "status": {
                "2xx": 0,
                "4xx": 0,
                "5xx": 1
              },
              "latency": {
                "count": 0,
                "sum_s": 0,
                "avg_s": 0.0
              },
              "auth_failed_total": 0,
              "rate_limited_total": 0
            },
            "governor": {
              "evaluations_total": 0,
              "approved_total": 0,
              "warned_total": 0,
              "blocked_total": 0
            },
            "skills": {
              "invoke_total": 0,
              "success_total": 0,
              "failure_total": 0,
              "validation_error_total": 0,
              "access_denied_total": 0,
              "by_skill": {
                "invoke_total": {},
                "success_total": {},
                "failure_total": {},
                "validation_error_total": {},
                "access_denied_total": {}
              }
            },
            "cron": {
              "execute_total": 0,
              "success_total": 0,
              "failure_total": 0,
              "blocked_total": 0,
              "by_job": {
                "execute_total": {},
                "success_total": {},
                "failure_total": {},
                "blocked_total": {}
              }
            },
            "sandbox": {
              "events_total": 0,
              "blocked_total": 0,
              "approved_total": 0,
              "warned_total": 0,
              "by_backend": {},
              "by_decision": {}
            }
          }
        },
        "retention": {
          "max_events": 20000,
          "max_timers": 20000
        }
      }
    },
    "audit_summary": {
      "total_recent": 0,
      "by_decision": {},
      "by_action": {},
      "latest_ts": null
    },
    "gate_summary": {
      "total": 0,
      "release": {},
      "rollback": {}
    }
  },
  "evidence_path": null
}