{
  "proposal_id": "prop_20260227_071021_946589ac",
  "created_at": "2026-02-27T07:10:21.697695+00:00",
  "plan_id": "plan_20260227_071021_600233c4",
  "inspection_id": "insp_20260227_071021_3f3c4e9a",
  "source_subject": "migration",
  "title": "Patch proposal: Investigate migration: Database migration state is behind or unknown.",
  "summary": "Candidate patch proposal for migration: Investigate migration: Database migration state is behind or unknown.. Expected benefit: prevent schema drift and failed deployments.",
  "suggested_changes": [
    {
      "file": "app/utils/migration_state.py",
      "action": "modify",
      "rationale": "Suggested by evolution planner for subject migration."
    },
    {
      "file": "tests/test_api_production_routes.py",
      "action": "add",
      "rationale": "Suggested by evolution planner for subject migration."
    }
  ],
  "tests_to_add": [
    "tests/test_api_production_routes.py"
  ],
  "rollout_notes": [
    "Run compileall and targeted pytest before merge.",
    "Attach proposal evidence to release/rollback gate review.",
    "Require human approval before patch application."
  ],
  "requires_human_review": true,
  "risk": {
    "risk_score": 68,
    "risk_level": "medium",
    "factors": [
      "priority_p1",
      "requires_human_review",
      "touches_migration",
      "has_test_scope"
    ],
    "auto_apply_allowed": false
  },
  "status": "rejected",
  "approval_required": true,
  "approved_by": null,
  "rejected_by": "tester",
  "applied_by": null,
  "rolled_back_by": null,
  "approved_at": null,
  "rejected_at": "2026-02-27T07:10:21.740276+00:00",
  "applied_at": null,
  "rolled_back_at": null,
  "last_guard_id": null,
  "last_baseline_id": null,
  "evidence_path": "/tmp/archv50/evidence/evolution/proposals/prop_20260227_071021_946589ac.json"
}