{
  "proposal_id": "prop_20260227_070912_8b4b80b0",
  "created_at": "2026-02-27T07:09:12.096113+00:00",
  "plan_id": "plan_20260227_070912_5dca0e3b",
  "inspection_id": "insp_20260227_070912_81591618",
  "source_subject": "audit",
  "title": "Patch proposal: Investigate audit: Security audit shows blocked decisions that may merit pattern review.",
  "summary": "Candidate patch proposal for audit: Investigate audit: Security audit shows blocked decisions that may merit pattern review.. Expected benefit: reduce security exposure and false-negative risk.",
  "suggested_changes": [
    {
      "file": "app/security/audit_store.py",
      "action": "modify",
      "rationale": "Suggested by evolution planner for subject audit."
    },
    {
      "file": "tests/test_api_audit_summary_routes.py",
      "action": "add",
      "rationale": "Suggested by evolution planner for subject audit."
    }
  ],
  "tests_to_add": [
    "tests/test_api_audit_summary_routes.py"
  ],
  "rollout_notes": [
    "Run compileall and targeted pytest before merge.",
    "Attach proposal evidence to release/rollback gate review."
  ],
  "requires_human_review": true,
  "risk": {
    "risk_score": 38,
    "risk_level": "low",
    "factors": [
      "requires_human_review",
      "has_test_scope"
    ],
    "auto_apply_allowed": false
  },
  "status": "generated",
  "approval_required": true,
  "approved_by": null,
  "rejected_by": null,
  "applied_by": null,
  "rolled_back_by": null,
  "approved_at": null,
  "rejected_at": null,
  "applied_at": null,
  "rolled_back_at": null,
  "last_guard_id": null,
  "last_baseline_id": null,
  "evidence_path": "/tmp/archv50/evidence/evolution/proposals/prop_20260227_070912_8b4b80b0.json"
}