{
  "proposal_id": "prop_20260227_071443_45c9a510",
  "created_at": "2026-02-27T07:14:43.188813+00:00",
  "plan_id": "plan_20260227_071443_d6eb2a4a",
  "inspection_id": "insp_20260227_071443_4707767e",
  "source_subject": "http",
  "title": "Patch proposal: Investigate http: Recent HTTP 5xx responses detected in the last 5 minutes.",
  "summary": "Candidate patch proposal for http: Investigate http: Recent HTTP 5xx responses detected in the last 5 minutes.. Expected benefit: improve runtime stability and reduce incident frequency.",
  "suggested_changes": [
    {
      "file": "app/main.py",
      "action": "modify",
      "rationale": "Suggested by evolution planner for subject http."
    },
    {
      "file": "app/utils/telemetry.py",
      "action": "modify",
      "rationale": "Suggested by evolution planner for subject http."
    },
    {
      "file": "tests/test_api_routes.py",
      "action": "add",
      "rationale": "Suggested by evolution planner for subject http."
    }
  ],
  "tests_to_add": [
    "tests/test_api_routes.py"
  ],
  "rollout_notes": [
    "Run compileall and targeted pytest before merge.",
    "Attach proposal evidence to release/rollback gate review."
  ],
  "requires_human_review": true,
  "risk": {
    "risk_score": 38,
    "risk_level": "low",
    "factors": [
      "requires_human_review",
      "has_test_scope"
    ],
    "auto_apply_allowed": false
  },
  "status": "generated",
  "approval_required": true,
  "approved_by": null,
  "rejected_by": null,
  "applied_by": null,
  "rolled_back_by": null,
  "approved_at": null,
  "rejected_at": null,
  "applied_at": null,
  "rolled_back_at": null,
  "last_guard_id": null,
  "last_baseline_id": null,
  "evidence_path": "/mnt/data/v51work/evidence/evolution/proposals/prop_20260227_071443_45c9a510.json"
}