{
  "proposal_id": "prop_20260227_071907_2fa8b9eb",
  "created_at": "2026-02-27T07:19:07.053076+00:00",
  "plan_id": "plan_20260227_071907_8688195e",
  "inspection_id": "insp_20260227_071907_7db307c0",
  "source_subject": "readiness",
  "title": "Patch proposal: Investigate readiness: System readiness is degraded and requires operator attention.",
  "summary": "Candidate patch proposal for readiness: Investigate readiness: System readiness is degraded and requires operator attention.. Expected benefit: restore operator confidence and deployment readiness.",
  "suggested_changes": [
    {
      "file": "app/utils/system_health.py",
      "action": "modify",
      "rationale": "Suggested by evolution planner for subject readiness."
    },
    {
      "file": "tests/test_api_system_routes.py",
      "action": "add",
      "rationale": "Suggested by evolution planner for subject readiness."
    }
  ],
  "tests_to_add": [
    "tests/test_api_system_routes.py"
  ],
  "rollout_notes": [
    "Run compileall and targeted pytest before merge.",
    "Attach proposal evidence to release/rollback gate review.",
    "Require human approval before patch application.",
    "Validate rollback path and restore drill confidence before rollout."
  ],
  "requires_human_review": true,
  "risk": {
    "risk_score": 65,
    "risk_level": "medium",
    "factors": [
      "priority_p0",
      "requires_human_review",
      "has_test_scope"
    ],
    "auto_apply_allowed": false
  },
  "status": "approved",
  "approval_required": true,
  "approved_by": "tester",
  "rejected_by": null,
  "applied_by": null,
  "rolled_back_by": null,
  "approved_at": "2026-02-27T07:19:07.056472+00:00",
  "rejected_at": null,
  "applied_at": null,
  "rolled_back_at": null,
  "last_guard_id": null,
  "last_baseline_id": null,
  "evidence_path": "/mnt/data/v53work/evidence/evolution/proposals/prop_20260227_071907_2fa8b9eb.json"
}