{
  "inspection_id": "insp_20260227_143801_7539da9a",
  "created_at": "2026-02-27T14:38:01.426545+00:00",
  "status": "critical",
  "findings": [
    {
      "category": "operability",
      "severity": "critical",
      "subject": "readiness",
      "signal": "ready.status",
      "summary": "System readiness is degraded and requires operator attention.",
      "value": "degraded",
      "confidence": 0.98,
      "evidence": [
        "/v1/ready"
      ],
      "requires_human_review": true
    },
    {
      "category": "migration_gap",
      "severity": "high",
      "subject": "migration",
      "signal": "migration.status",
      "summary": "Database migration state is behind or unknown.",
      "value": "unknown",
      "confidence": 0.95,
      "evidence": [
        "/v1/migration/state"
      ],
      "requires_human_review": true
    },
    {
      "category": "stability",
      "severity": "medium",
      "subject": "http",
      "signal": "history.last_300s.http.status.5xx",
      "summary": "Recent HTTP 5xx responses detected in the last 5 minutes.",
      "value": 3,
      "confidence": 0.88,
      "evidence": [
        "/v1/telemetry"
      ],
      "requires_human_review": true
    },
    {
      "category": "reliability",
      "severity": "medium",
      "subject": "skills",
      "signal": "skills.failure_total",
      "summary": "Skill failures have been observed and should be triaged.",
      "value": 2,
      "confidence": 0.82,
      "evidence": [
        "/v1/telemetry"
      ],
      "requires_human_review": true
    },
    {
      "category": "security",
      "severity": "medium",
      "subject": "audit",
      "signal": "audit.by_decision.BLOCKED",
      "summary": "Security audit shows blocked decisions that may merit pattern review.",
      "value": 93,
      "confidence": 0.74,
      "evidence": [
        "/v1/audit/summary"
      ],
      "requires_human_review": true
    },
    {
      "category": "deployment_gap",
      "severity": "high",
      "subject": "release_gate",
      "signal": "gate_summary.failures",
      "summary": "Release or rollback gate failures exist in recent evidence and should be investigated before upgrades.",
      "value": {
        "release_failed": 6,
        "rollback_failed": 7
      },
      "confidence": 0.9,
      "evidence": [
        "evidence/releases",
        "evidence/dashboards"
      ],
      "requires_human_review": true
    }
  ],
  "signal_snapshot": {
    "created_at": "2026-02-27T14:38:01.418526+00:00",
    "readiness": {
      "status": "degraded",
      "checks": {
        "db": false,
        "skills": false,
        "cron": false,
        "audit_dir": true,
        "migration": false
      },
      "details": {
        "db": {
          "error": "No module named 'sqlalchemy'"
        },
        "skills": {
          "count": 0
        },
        "cron": {
          "started": false,
          "jobs": 0
        },
        "audit_dir": {
          "path": "/mnt/data/archillx_src/evidence"
        },
        "migration": {
          "enabled": true,
          "required": true,
          "head": "20260227_000001",
          "current": null,
          "status": "unknown",
          "ok": false,
          "error": "No module named 'sqlalchemy'"
        }
      },
      "errors": [
        "db:No module named 'sqlalchemy'",
        "migration:unknown"
      ]
    },
    "migration": {
      "enabled": true,
      "required": true,
      "head": "20260227_000001",
      "current": null,
      "status": "unknown",
      "ok": false,
      "error": "No module named 'sqlalchemy'"
    },
    "telemetry": {
      "aggregate": {
        "window": {
          "uptime_s": 1
        },
        "http": {
          "requests_total": 30,
          "status": {
            "2xx": 19,
            "4xx": 1,
            "5xx": 3
          },
          "latency": {
            "count": 20,
            "sum_s": 1.579,
            "avg_s": 0.07895
          },
          "auth_failed_total": 0,
          "rate_limited_total": 0
        },
        "governor": {
          "evaluations_total": 0,
          "decisions": {
            "approved": 0,
            "warned": 0,
            "blocked": 0
          },
          "last_risk_score": 0.0
        },
        "skills": {
          "totals": {
            "invoke_total": 0,
            "success_total": 0,
            "failure_total": 2,
            "validation_error_total": 0,
            "access_denied_total": 0,
            "disabled_total": 0
          },
          "by_skill": {
            "invoke_total": {},
            "success_total": {},
            "failure_total": {},
            "validation_error_total": {},
            "access_denied_total": {}
          }
        },
        "cron": {
          "totals": {
            "execute_total": 0,
            "success_total": 0,
            "failure_total": 0,
            "blocked_total": 0
          },
          "by_job": {
            "execute_total": {},
            "success_total": {},
            "failure_total": {},
            "blocked_total": {}
          }
        },
        "sandbox": {
          "events_total": 0,
          "backend": {},
          "decision": {}
        }
      },
      "history": {
        "windows": {
          "last_60s": {
            "http": {
              "requests_total": 30,
              "status": {
                "2xx": 19,
                "4xx": 1,
                "5xx": 3
              },
              "latency": {
                "count": 20,
                "sum_s": 1.579,
                "avg_s": 0.07895
              },
              "auth_failed_total": 0,
              "rate_limited_total": 0
            },
            "governor": {
              "evaluations_total": 0,
              "approved_total": 0,
              "warned_total": 0,
              "blocked_total": 0
            },
            "skills": {
              "invoke_total": 0,
              "success_total": 0,
              "failure_total": 2,
              "validation_error_total": 0,
              "access_denied_total": 0,
              "by_skill": {
                "invoke_total": {},
                "success_total": {},
                "failure_total": {
                  "invoke": 2
                },
                "validation_error_total": {},
                "access_denied_total": {}
              }
            },
            "cron": {
              "execute_total": 0,
              "success_total": 0,
              "failure_total": 0,
              "blocked_total": 0,
              "by_job": {
                "execute_total": {},
                "success_total": {},
                "failure_total": {},
                "blocked_total": {}
              }
            },
            "sandbox": {
              "events_total": 0,
              "blocked_total": 0,
              "approved_total": 0,
              "warned_total": 0,
              "by_backend": {},
              "by_decision": {}
            }
          },
          "last_300s": {
            "http": {
              "requests_total": 30,
              "status": {
                "2xx": 19,
                "4xx": 1,
                "5xx": 3
              },
              "latency": {
                "count": 20,
                "sum_s": 1.579,
                "avg_s": 0.07895
              },
              "auth_failed_total": 0,
              "rate_limited_total": 0
            },
            "governor": {
              "evaluations_total": 0,
              "approved_total": 0,
              "warned_total": 0,
              "blocked_total": 0
            },
            "skills": {
              "invoke_total": 0,
              "success_total": 0,
              "failure_total": 2,
              "validation_error_total": 0,
              "access_denied_total": 0,
              "by_skill": {
                "invoke_total": {},
                "success_total": {},
                "failure_total": {
                  "invoke": 2
                },
                "validation_error_total": {},
                "access_denied_total": {}
              }
            },
            "cron": {
              "execute_total": 0,
              "success_total": 0,
              "failure_total": 0,
              "blocked_total": 0,
              "by_job": {
                "execute_total": {},
                "success_total": {},
                "failure_total": {},
                "blocked_total": {}
              }
            },
            "sandbox": {
              "events_total": 0,
              "blocked_total": 0,
              "approved_total": 0,
              "warned_total": 0,
              "by_backend": {},
              "by_decision": {}
            }
          },
          "last_3600s": {
            "http": {
              "requests_total": 30,
              "status": {
                "2xx": 19,
                "4xx": 1,
                "5xx": 3
              },
              "latency": {
                "count": 20,
                "sum_s": 1.579,
                "avg_s": 0.07895
              },
              "auth_failed_total": 0,
              "rate_limited_total": 0
            },
            "governor": {
              "evaluations_total": 0,
              "approved_total": 0,
              "warned_total": 0,
              "blocked_total": 0
            },
            "skills": {
              "invoke_total": 0,
              "success_total": 0,
              "failure_total": 2,
              "validation_error_total": 0,
              "access_denied_total": 0,
              "by_skill": {
                "invoke_total": {},
                "success_total": {},
                "failure_total": {
                  "invoke": 2
                },
                "validation_error_total": {},
                "access_denied_total": {}
              }
            },
            "cron": {
              "execute_total": 0,
              "success_total": 0,
              "failure_total": 0,
              "blocked_total": 0,
              "by_job": {
                "execute_total": {},
                "success_total": {},
                "failure_total": {},
                "blocked_total": {}
              }
            },
            "sandbox": {
              "events_total": 0,
              "blocked_total": 0,
              "approved_total": 0,
              "warned_total": 0,
              "by_backend": {},
              "by_decision": {}
            }
          }
        },
        "retention": {
          "max_events": 20000,
          "max_timers": 20000
        }
      }
    },
    "audit_summary": {
      "total_recent": 200,
      "by_decision": {
        "APPROVED": 107,
        "BLOCKED": 93
      },
      "by_action": {
        "sandbox_denied": 73,
        "sandbox_execute_done": 54,
        "sandbox_execute_start": 53,
        "sandbox_preflight": 20
      },
      "latest_ts": "2026-02-27T14:37:59.343166Z"
    },
    "gate_summary": {
      "total": 13,
      "release": {
        "total": 6,
        "passed": 0,
        "failed": 6,
        "latest": "/mnt/data/archillx_src/evidence/releases/release_check_20260227_054627.json",
        "updated_at": "2026-02-27T13:09:26Z"
      },
      "rollback": {
        "total": 7,
        "passed": 0,
        "failed": 7,
        "latest": "/mnt/data/archillx_src/evidence/releases/rollback_check_20260227_055116.json",
        "updated_at": "2026-02-27T13:09:26Z"
      },
      "latest_paths": [
        "/mnt/data/archillx_src/evidence/releases/release_check_20260227_054627.json",
        "/mnt/data/archillx_src/evidence/releases/rollback_check_20260227_055116.json",
        "/mnt/data/archillx_src/evidence/releases/rollback_check_20260227_055143.json",
        "/mnt/data/archillx_src/evidence/releases/release_check_20260227_000000.json",
        "/mnt/data/archillx_src/evidence/releases/rollback_check_20260227_010000.json"
      ]
    }
  },
  "evidence_path": null
}