{
  "generated_at": "2026-02-27T06:03:47Z",
  "limit": 5,
  "release": {
    "aggregate": {
      "runs": 2,
      "passed": 1,
      "failed": 1,
      "pass_rate": 50.0,
      "most_common_failures": [
        {
          "name": "migration_state",
          "count": 1
        },
        {
          "name": "sandbox_image_present",
          "count": 1
        }
      ],
      "latest_passed": "2026-02-27T05:46:27Z",
      "latest_failed": "2026-02-27T00:00:00Z"
    },
    "history": [
      {
        "gate": "release",
        "timestamp": "2026-02-27T05:46:27Z",
        "mode": "deploy",
        "passed": true,
        "checks_total": 9,
        "checks_failed": 0,
        "errors_failed": 0,
        "warnings_failed": 0,
        "evidence": "evidence/releases/release_check_20260227_054627.json",
        "top_failed": []
      },
      {
        "gate": "release",
        "timestamp": "2026-02-27T00:00:00Z",
        "mode": "deploy",
        "passed": false,
        "checks_total": 10,
        "checks_failed": 2,
        "errors_failed": 1,
        "warnings_failed": 0,
        "evidence": "evidence/releases/release_check_sample.json",
        "top_failed": [
          {
            "name": "migration_state",
            "severity": "error",
            "detail": "behind"
          },
          {
            "name": "sandbox_image_present",
            "severity": "error",
            "detail": "missing image"
          }
        ]
      }
    ]
  },
  "rollback": {
    "aggregate": {
      "runs": 3,
      "passed": 2,
      "failed": 1,
      "pass_rate": 66.67,
      "most_common_failures": [
        {
          "name": "migration_history",
          "count": 1
        }
      ],
      "latest_passed": "2026-02-27T05:51:43Z",
      "latest_failed": "2026-02-27T05:51:16Z"
    },
    "history": [
      {
        "gate": "rollback",
        "timestamp": "2026-02-27T05:51:43Z",
        "mode": "deploy",
        "passed": true,
        "checks_total": 14,
        "checks_failed": 0,
        "errors_failed": 0,
        "warnings_failed": 0,
        "evidence": "evidence/releases/rollback_check_20260227_055143.json",
        "top_failed": []
      },
      {
        "gate": "rollback",
        "timestamp": "2026-02-27T05:51:16Z",
        "mode": "deploy",
        "passed": false,
        "checks_total": 14,
        "checks_failed": 1,
        "errors_failed": 1,
        "warnings_failed": 0,
        "evidence": "evidence/releases/rollback_check_20260227_055116.json",
        "top_failed": [
          {
            "name": "migration_history",
            "severity": "error",
            "detail": "ERROR: alembic not found. Install dependencies first."
          }
        ]
      },
      {
        "gate": "rollback",
        "timestamp": "2026-02-27T01:00:00Z",
        "mode": "deploy",
        "passed": true,
        "checks_total": 8,
        "checks_failed": 0,
        "errors_failed": 0,
        "warnings_failed": 0,
        "evidence": "evidence/releases/rollback_check_sample.json",
        "top_failed": []
      }
    ]
  }
}