{
  "generated_at": "2026-02-27T09:38:07.954620+00:00",
  "version": "0.44.0",
  "sections": {
    "top_level": [
      {
        "path": "README.md",
        "exists": true
      },
      {
        "path": "DEPLOYMENT.md",
        "exists": true
      },
      {
        "path": "CHANGELOG.md",
        "exists": true
      },
      {
        "path": "RELEASE_NOTES_v0.44.0.md",
        "exists": true
      },
      {
        "path": "DELIVERY_MANIFEST.md",
        "exists": true
      },
      {
        "path": "FINAL_RELEASE_CHECKLIST.md",
        "exists": true
      },
      {
        "path": "docs/SYSTEM_FINAL_DELIVERY.md",
        "exists": true
      },
      {
        "path": "docs/SYSTEM_DELIVERY_INDEX.md",
        "exists": true
      }
    ],
    "operations": [
      {
        "path": "docs/OPERATIONS_RUNBOOK.md",
        "exists": true
      },
      {
        "path": "docs/RELEASE_ROLLBACK_RESTORE_RUNBOOK.md",
        "exists": true
      },
      {
        "path": "docs/SANDBOX_HOST_ENABLEMENT.md",
        "exists": true
      },
      {
        "path": "docs/GATE_SUMMARY_DASHBOARD.md",
        "exists": true
      }
    ],
    "evolution": [
      {
        "path": "docs/EVOLUTION_SUBSYSTEM.md",
        "exists": true
      },
      {
        "path": "docs/EVOLUTION_DELIVERY.md",
        "exists": false
      },
      {
        "path": "docs/EVOLUTION_DELIVERY_MANIFEST.md",
        "exists": false
      },
      {
        "path": "docs/EVOLUTION_GOVERNANCE.md",
        "exists": true
      },
      {
        "path": "docs/EVOLUTION_RUNBOOK.md",
        "exists": true
      },
      {
        "path": "docs/EVOLUTION_DASHBOARD.md",
        "exists": true
      },
      {
        "path": "docs/EVOLUTION_NAVIGATION.md",
        "exists": true
      },
      {
        "path": "docs/EVOLUTION_PORTAL.md",
        "exists": true
      },
      {
        "path": "docs/EVOLUTION_FINAL.md",
        "exists": true
      }
    ],
    "assets": [
      {
        "path": "deploy/grafana/archillx-dashboard.json",
        "exists": true
      },
      {
        "path": ".env.example",
        "exists": true
      },
      {
        "path": ".env.prod.example",
        "exists": true
      },
      {
        "path": "docker-compose.yml",
        "exists": true
      },
      {
        "path": "docker-compose.prod.yml",
        "exists": true
      }
    ]
  },
  "recommended_flow": [
    "README.md",
    "docs/SYSTEM_FINAL_DELIVERY.md",
    "DEPLOYMENT.md",
    "FINAL_RELEASE_CHECKLIST.md",
    "docs/OPERATIONS_RUNBOOK.md"
  ]
}