{
  "timestamp": "2026-02-27T14:43:49Z",
  "mode": "deploy",
  "strict": false,
  "env_file": ".env.v37.smoke",
  "passed": true,
  "summary": {
    "checks_total": 9,
    "checks_failed": 0,
    "errors_failed": 0
  },
  "results": [
    {
      "name": "path:docker-compose.prod.yml",
      "ok": true,
      "severity": "error",
      "detail": "exists",
      "command": null
    },
    {
      "name": "path:scripts/preflight_deploy.sh",
      "ok": true,
      "severity": "error",
      "detail": "exists",
      "command": null
    },
    {
      "name": "path:scripts/migrate.sh",
      "ok": true,
      "severity": "error",
      "detail": "exists",
      "command": null
    },
    {
      "name": "path:scripts/check_migration_state.py",
      "ok": true,
      "severity": "error",
      "detail": "exists",
      "command": null
    },
    {
      "name": "path:docs/METRICS_DASHBOARD.md",
      "ok": true,
      "severity": "error",
      "detail": "exists",
      "command": null
    },
    {
      "name": "path:docs/TELEMETRY_API.md",
      "ok": true,
      "severity": "error",
      "detail": "exists",
      "command": null
    },
    {
      "name": "env:.env.v37.smoke",
      "ok": true,
      "severity": "error",
      "detail": "exists",
      "command": null
    },
    {
      "name": "env:required_keys",
      "ok": true,
      "severity": "error",
      "detail": "ok",
      "command": null
    },
    {
      "name": "sandbox_image_present",
      "ok": true,
      "severity": "info",
      "detail": "skipped (code_exec disabled or non-docker backend)",
      "command": null
    }
  ]
}