{
  "timestamp": "2026-02-27T14:39:33Z",
  "mode": "deploy",
  "strict": false,
  "env_file": ".env.prod",
  "passed": true,
  "summary": {
    "checks_total": 11,
    "checks_failed": 0,
    "errors_failed": 0
  },
  "results": [
    {
      "name": "path:docker-compose.prod.yml",
      "ok": true,
      "severity": "error",
      "detail": "exists",
      "command": null
    },
    {
      "name": "path:scripts/preflight_deploy.sh",
      "ok": true,
      "severity": "error",
      "detail": "exists",
      "command": null
    },
    {
      "name": "path:scripts/migrate.sh",
      "ok": true,
      "severity": "error",
      "detail": "exists",
      "command": null
    },
    {
      "name": "path:scripts/check_migration_state.py",
      "ok": true,
      "severity": "error",
      "detail": "exists",
      "command": null
    },
    {
      "name": "path:docs/METRICS_DASHBOARD.md",
      "ok": true,
      "severity": "error",
      "detail": "exists",
      "command": null
    },
    {
      "name": "path:docs/TELEMETRY_API.md",
      "ok": true,
      "severity": "error",
      "detail": "exists",
      "command": null
    },
    {
      "name": "compileall",
      "ok": true,
      "severity": "error",
      "detail": "Listing 'app'...\nListing 'app/api'...\nListing 'app/autonomy'...\nListing 'app/autonomy/proactive'...\nListing 'app/autonomy/rollout'...\nListing 'app/core'...\nListing 'app/db'...\nListing 'app/evolution'...\nListing 'app/governor'...\nListing 'app/governor/consensus'...\nListing 'app/governor/multi_agent'...\nListing 'app/integrations'...\nListing 'app/integrations/openclaw'...\nListing 'app/integrations/trae_solo'...\nListing 'app/lmf'...\nListing 'app/lmf/core'...\nListing 'app/lmf/core/stores'...\nListing 'app/lmf/models'...\nListing 'app/loop'...\nListing 'app/memory'...\nListing 'app/notifications'...\nListing 'app/planner'...\nListing 'app/runtime'...\nListing 'app/security'...\nListing 'app/skills'...\nListing 'app/skills/acl'...\nListing 'app/ui'...\nListing 'app/ui/static'...\nListing 'app/ui/templates'...\nListing 'app/utils'...\nListing 'scripts'...\nListing 'tests'...\nListing 'alembic'...\nListing 'alembic/versions'...",
      "command": "/opt/pyvenv/bin/python -m compileall app scripts tests alembic"
    },
    {
      "name": "pytest",
      "ok": true,
      "severity": "error",
      "detail": "/opt/pyvenv/lib/python3.11/site-packages/ddtrace/vendor/psutil/_pslinux.py:527: RuntimeWarning: 'sin' and 'sout' swap memory stats couldn't be determined and were set to 0 ([Errno 2] No such file or directory: '/proc/vmstat')\n  warnings.warn(msg, RuntimeWarning)\n........................................................................ [ 40%]\n........................................................................ [ 81%]\n.................................                                        [100%]\n177 passed in 8.05s",
      "command": "/opt/pyvenv/bin/python -m pytest tests -q"
    },
    {
      "name": "env:.env.prod",
      "ok": true,
      "severity": "error",
      "detail": "exists",
      "command": null
    },
    {
      "name": "env:required_keys",
      "ok": true,
      "severity": "error",
      "detail": "ok",
      "command": null
    },
    {
      "name": "sandbox_image_present",
      "ok": true,
      "severity": "info",
      "detail": "skipped (code_exec disabled or non-docker backend)",
      "command": null
    }
  ]
}