{
  "timestamp": "2026-02-27T07:57:45Z",
  "mode": "ci",
  "strict": false,
  "env_file": ".env.prod",
  "passed": true,
  "summary": {
    "checks_total": 6,
    "checks_failed": 0,
    "errors_failed": 0
  },
  "results": [
    {
      "name": "path:docker-compose.prod.yml",
      "ok": true,
      "severity": "error",
      "detail": "exists",
      "command": null
    },
    {
      "name": "path:scripts/preflight_deploy.sh",
      "ok": true,
      "severity": "error",
      "detail": "exists",
      "command": null
    },
    {
      "name": "path:scripts/migrate.sh",
      "ok": true,
      "severity": "error",
      "detail": "exists",
      "command": null
    },
    {
      "name": "path:scripts/check_migration_state.py",
      "ok": true,
      "severity": "error",
      "detail": "exists",
      "command": null
    },
    {
      "name": "path:docs/METRICS_DASHBOARD.md",
      "ok": true,
      "severity": "error",
      "detail": "exists",
      "command": null
    },
    {
      "name": "path:docs/TELEMETRY_API.md",
      "ok": true,
      "severity": "error",
      "detail": "exists",
      "command": null
    }
  ]
}