{
  "timestamp": "2026-02-27T14:43:41Z",
  "mode": "deploy",
  "strict": false,
  "env_file": ".env.prod",
  "passed": true,
  "summary": {
    "checks_total": 20,
    "checks_failed": 0,
    "errors_failed": 0
  },
  "results": [
    {
      "name": "path:scripts/backup_stack.sh",
      "ok": true,
      "severity": "error",
      "detail": "exists",
      "command": null
    },
    {
      "name": "path:scripts/restore_stack.sh",
      "ok": true,
      "severity": "error",
      "detail": "exists",
      "command": null
    },
    {
      "name": "path:scripts/restore_drill.sh",
      "ok": true,
      "severity": "error",
      "detail": "exists",
      "command": null
    },
    {
      "name": "path:scripts/verify_backup_archive.py",
      "ok": true,
      "severity": "error",
      "detail": "exists",
      "command": null
    },
    {
      "name": "path:scripts/migrate.sh",
      "ok": true,
      "severity": "error",
      "detail": "exists",
      "command": null
    },
    {
      "name": "path:scripts/check_migration_state.py",
      "ok": true,
      "severity": "error",
      "detail": "exists",
      "command": null
    },
    {
      "name": "path:deploy/systemd/archillx-backup.timer",
      "ok": true,
      "severity": "error",
      "detail": "exists",
      "command": null
    },
    {
      "name": "path:deploy/systemd/archillx-restore-drill.timer",
      "ok": true,
      "severity": "error",
      "detail": "exists",
      "command": null
    },
    {
      "name": "path:DEPLOYMENT.md",
      "ok": true,
      "severity": "error",
      "detail": "exists",
      "command": null
    },
    {
      "name": "compileall",
      "ok": true,
      "severity": "error",
      "detail": "Listing 'app'...\nListing 'app/api'...\nListing 'app/autonomy'...\nListing 'app/autonomy/proactive'...\nListing 'app/autonomy/rollout'...\nListing 'app/core'...\nListing 'app/db'...\nListing 'app/evolution'...\nListing 'app/governor'...\nListing 'app/governor/consensus'...\nListing 'app/governor/multi_agent'...\nListing 'app/integrations'...\nListing 'app/integrations/openclaw'...\nListing 'app/integrations/trae_solo'...\nListing 'app/lmf'...\nListing 'app/lmf/core'...\nListing 'app/lmf/core/stores'...\nListing 'app/lmf/models'...\nListing 'app/loop'...\nListing 'app/memory'...\nListing 'app/notifications'...\nListing 'app/planner'...\nListing 'app/runtime'...\nListing 'app/security'...\nListing 'app/skills'...\nListing 'app/skills/acl'...\nListing 'app/ui'...\nListing 'app/ui/static'...\nListing 'app/ui/templates'...\nListing 'app/utils'...\nListing 'scripts'...\nCompiling 'scripts/check_migration_state.py'...\nCompiling 'scripts/create_sample_backup.py'...\nListing 'tests'...\nListing 'alembic'...\nListing 'alembic/versions'...",
      "command": "/opt/pyvenv/bin/python -m compileall app scripts tests alembic"
    },
    {
      "name": "pytest",
      "ok": true,
      "severity": "error",
      "detail": "/opt/pyvenv/lib/python3.11/site-packages/ddtrace/vendor/psutil/_pslinux.py:527: RuntimeWarning: 'sin' and 'sout' swap memory stats couldn't be determined and were set to 0 ([Errno 2] No such file or directory: '/proc/vmstat')\n  warnings.warn(msg, RuntimeWarning)\n........................................................................ [ 40%]\n........................................................................ [ 81%]\n.................................                                        [100%]\n177 passed in 8.61s",
      "command": "/opt/pyvenv/bin/python -m pytest tests -q"
    },
    {
      "name": "shellcheck:scripts/backup_stack.sh",
      "ok": true,
      "severity": "error",
      "detail": "ok",
      "command": "bash -n scripts/backup_stack.sh"
    },
    {
      "name": "shellcheck:scripts/restore_stack.sh",
      "ok": true,
      "severity": "error",
      "detail": "ok",
      "command": "bash -n scripts/restore_stack.sh"
    },
    {
      "name": "shellcheck:scripts/restore_drill.sh",
      "ok": true,
      "severity": "error",
      "detail": "ok",
      "command": "bash -n scripts/restore_drill.sh"
    },
    {
      "name": "shellcheck:scripts/preflight_deploy.sh",
      "ok": true,
      "severity": "error",
      "detail": "ok",
      "command": "bash -n scripts/preflight_deploy.sh"
    },
    {
      "name": "env:.env.prod",
      "ok": true,
      "severity": "error",
      "detail": "exists",
      "command": null
    },
    {
      "name": "backup_dir",
      "ok": true,
      "severity": "warn",
      "detail": "backups",
      "command": null
    },
    {
      "name": "backup_archive_verify",
      "ok": true,
      "severity": "error",
      "detail": "{\"archive\": \"backups/archillx_backup_20260227_144250.tar.gz\", \"ok\": true, \"sql_files\": [\"mysql_20260227_144250.sql\"], \"meta_files\": [\"backup_meta_20260227_144250.txt\"], \"has_evidence\": true, \"entry_count\": 5}",
      "command": "/opt/pyvenv/bin/python scripts/verify_backup_archive.py backups/archillx_backup_20260227_144250.tar.gz --json"
    },
    {
      "name": "restore_drill_dry_run",
      "ok": true,
      "severity": "error",
      "detail": "OK_RESTORE_DRILL_REPORT=/mnt/data/archillx_src/evidence/drills/restore_drill_20260227_144341.json",
      "command": "bash scripts/restore_drill.sh backups/archillx_backup_20260227_144250.tar.gz"
    },
    {
      "name": "migration_history",
      "ok": true,
      "severity": "info",
      "detail": "skipped by flag",
      "command": null
    }
  ]
}