{
  "timestamp": "2026-02-27T14:39:53Z",
  "mode": "deploy",
  "strict": false,
  "env_file": ".env.prod",
  "passed": false,
  "summary": {
    "checks_total": 21,
    "checks_failed": 5,
    "errors_failed": 4
  },
  "results": [
    {
      "name": "path:scripts/backup_stack.sh",
      "ok": true,
      "severity": "error",
      "detail": "exists",
      "command": null
    },
    {
      "name": "path:scripts/restore_stack.sh",
      "ok": true,
      "severity": "error",
      "detail": "exists",
      "command": null
    },
    {
      "name": "path:scripts/restore_drill.sh",
      "ok": true,
      "severity": "error",
      "detail": "exists",
      "command": null
    },
    {
      "name": "path:scripts/verify_backup_archive.py",
      "ok": true,
      "severity": "error",
      "detail": "exists",
      "command": null
    },
    {
      "name": "path:scripts/migrate.sh",
      "ok": true,
      "severity": "error",
      "detail": "exists",
      "command": null
    },
    {
      "name": "path:scripts/check_migration_state.py",
      "ok": true,
      "severity": "error",
      "detail": "exists",
      "command": null
    },
    {
      "name": "path:deploy/systemd/archillx-backup.timer",
      "ok": true,
      "severity": "error",
      "detail": "exists",
      "command": null
    },
    {
      "name": "path:deploy/systemd/archillx-restore-drill.timer",
      "ok": true,
      "severity": "error",
      "detail": "exists",
      "command": null
    },
    {
      "name": "path:DEPLOYMENT.md",
      "ok": true,
      "severity": "error",
      "detail": "exists",
      "command": null
    },
    {
      "name": "compileall",
      "ok": true,
      "severity": "error",
      "detail": "Listing 'app'...\nListing 'app/api'...\nListing 'app/autonomy'...\nListing 'app/autonomy/proactive'...\nListing 'app/autonomy/rollout'...\nListing 'app/core'...\nListing 'app/db'...\nListing 'app/evolution'...\nListing 'app/governor'...\nListing 'app/governor/consensus'...\nListing 'app/governor/multi_agent'...\nListing 'app/integrations'...\nListing 'app/integrations/openclaw'...\nListing 'app/integrations/trae_solo'...\nListing 'app/lmf'...\nListing 'app/lmf/core'...\nListing 'app/lmf/core/stores'...\nListing 'app/lmf/models'...\nListing 'app/loop'...\nListing 'app/memory'...\nListing 'app/notifications'...\nListing 'app/planner'...\nListing 'app/runtime'...\nListing 'app/security'...\nListing 'app/skills'...\nListing 'app/skills/acl'...\nListing 'app/ui'...\nListing 'app/ui/static'...\nListing 'app/ui/templates'...\nListing 'app/utils'...\nListing 'scripts'...\nListing 'tests'...\nListing 'alembic'...\nListing 'alembic/versions'...",
      "command": "/opt/pyvenv/bin/python -m compileall app scripts tests alembic"
    },
    {
      "name": "pytest",
      "ok": true,
      "severity": "error",
      "detail": "/opt/pyvenv/lib/python3.11/site-packages/ddtrace/vendor/psutil/_pslinux.py:527: RuntimeWarning: 'sin' and 'sout' swap memory stats couldn't be determined and were set to 0 ([Errno 2] No such file or directory: '/proc/vmstat')\n  warnings.warn(msg, RuntimeWarning)\n........................................................................ [ 40%]\n........................................................................ [ 81%]\n.................................                                        [100%]\n177 passed in 8.22s",
      "command": "/opt/pyvenv/bin/python -m pytest tests -q"
    },
    {
      "name": "shellcheck:scripts/backup_stack.sh",
      "ok": true,
      "severity": "error",
      "detail": "ok",
      "command": "bash -n scripts/backup_stack.sh"
    },
    {
      "name": "shellcheck:scripts/restore_stack.sh",
      "ok": true,
      "severity": "error",
      "detail": "ok",
      "command": "bash -n scripts/restore_stack.sh"
    },
    {
      "name": "shellcheck:scripts/restore_drill.sh",
      "ok": true,
      "severity": "error",
      "detail": "ok",
      "command": "bash -n scripts/restore_drill.sh"
    },
    {
      "name": "shellcheck:scripts/preflight_deploy.sh",
      "ok": true,
      "severity": "error",
      "detail": "ok",
      "command": "bash -n scripts/preflight_deploy.sh"
    },
    {
      "name": "env:.env.prod",
      "ok": true,
      "severity": "error",
      "detail": "exists",
      "command": null
    },
    {
      "name": "backup_dir",
      "ok": false,
      "severity": "warn",
      "detail": "backups",
      "command": null
    },
    {
      "name": "migration_state",
      "ok": false,
      "severity": "error",
      "detail": "[ERR] unable to inspect alembic current: [Errno 2] No such file or directory: 'alembic'",
      "command": "/opt/pyvenv/bin/python scripts/check_migration_state.py .env.prod"
    },
    {
      "name": "backup_archive_verify",
      "ok": false,
      "severity": "error",
      "detail": "backup archive not found (searched in backups)",
      "command": null
    },
    {
      "name": "restore_drill_dry_run",
      "ok": false,
      "severity": "error",
      "detail": "skipped because no backup archive was found",
      "command": null
    },
    {
      "name": "migration_history",
      "ok": false,
      "severity": "error",
      "detail": "ERROR: alembic not found. Install dependencies first.",
      "command": "bash scripts/migrate.sh history"
    }
  ]
}