{
  "timestamp": "2026-02-27T07:09:25Z",
  "mode": "ci",
  "strict": false,
  "env_file": ".env.prod",
  "passed": true,
  "summary": {
    "checks_total": 9,
    "checks_failed": 0,
    "errors_failed": 0
  },
  "results": [
    {
      "name": "path:scripts/backup_stack.sh",
      "ok": true,
      "severity": "error",
      "detail": "exists",
      "command": null
    },
    {
      "name": "path:scripts/restore_stack.sh",
      "ok": true,
      "severity": "error",
      "detail": "exists",
      "command": null
    },
    {
      "name": "path:scripts/restore_drill.sh",
      "ok": true,
      "severity": "error",
      "detail": "exists",
      "command": null
    },
    {
      "name": "path:scripts/verify_backup_archive.py",
      "ok": true,
      "severity": "error",
      "detail": "exists",
      "command": null
    },
    {
      "name": "path:scripts/migrate.sh",
      "ok": true,
      "severity": "error",
      "detail": "exists",
      "command": null
    },
    {
      "name": "path:scripts/check_migration_state.py",
      "ok": true,
      "severity": "error",
      "detail": "exists",
      "command": null
    },
    {
      "name": "path:deploy/systemd/archillx-backup.timer",
      "ok": true,
      "severity": "error",
      "detail": "exists",
      "command": null
    },
    {
      "name": "path:deploy/systemd/archillx-restore-drill.timer",
      "ok": true,
      "severity": "error",
      "detail": "exists",
      "command": null
    },
    {
      "name": "path:DEPLOYMENT.md",
      "ok": true,
      "severity": "error",
      "detail": "exists",
      "command": null
    }
  ]
}