{
  "timestamp": "2026-02-27T14:43:49Z",
  "mode": "deploy",
  "strict": false,
  "env_file": "/tmp/tmpfh4n_2qj/.env.rollback",
  "passed": true,
  "summary": {
    "checks_total": 14,
    "checks_failed": 0,
    "errors_failed": 0
  },
  "results": [
    {
      "name": "path:scripts/backup_stack.sh",
      "ok": true,
      "severity": "error",
      "detail": "exists",
      "command": null
    },
    {
      "name": "path:scripts/restore_stack.sh",
      "ok": true,
      "severity": "error",
      "detail": "exists",
      "command": null
    },
    {
      "name": "path:scripts/restore_drill.sh",
      "ok": true,
      "severity": "error",
      "detail": "exists",
      "command": null
    },
    {
      "name": "path:scripts/verify_backup_archive.py",
      "ok": true,
      "severity": "error",
      "detail": "exists",
      "command": null
    },
    {
      "name": "path:scripts/migrate.sh",
      "ok": true,
      "severity": "error",
      "detail": "exists",
      "command": null
    },
    {
      "name": "path:scripts/check_migration_state.py",
      "ok": true,
      "severity": "error",
      "detail": "exists",
      "command": null
    },
    {
      "name": "path:deploy/systemd/archillx-backup.timer",
      "ok": true,
      "severity": "error",
      "detail": "exists",
      "command": null
    },
    {
      "name": "path:deploy/systemd/archillx-restore-drill.timer",
      "ok": true,
      "severity": "error",
      "detail": "exists",
      "command": null
    },
    {
      "name": "path:DEPLOYMENT.md",
      "ok": true,
      "severity": "error",
      "detail": "exists",
      "command": null
    },
    {
      "name": "env:/tmp/tmpfh4n_2qj/.env.rollback",
      "ok": true,
      "severity": "error",
      "detail": "exists",
      "command": null
    },
    {
      "name": "backup_dir",
      "ok": true,
      "severity": "warn",
      "detail": "/tmp/tmpfh4n_2qj/backups",
      "command": null
    },
    {
      "name": "backup_archive_verify",
      "ok": true,
      "severity": "error",
      "detail": "{\"archive\": \"/tmp/tmpfh4n_2qj/backups/archillx_backup_20260227_000000.tar.gz\", \"ok\": true, \"sql_files\": [\"mysql_20260227_000000.sql\"], \"meta_files\": [\"backup_meta_20260227_000000.txt\"], \"has_evidence\": true, \"entry_count\": 5}",
      "command": "/opt/pyvenv/bin/python3 scripts/verify_backup_archive.py /tmp/tmpfh4n_2qj/backups/archillx_backup_20260227_000000.tar.gz --json"
    },
    {
      "name": "restore_drill_dry_run",
      "ok": true,
      "severity": "error",
      "detail": "OK_RESTORE_DRILL_REPORT=/mnt/data/archillx_src/evidence/drills/restore_drill_20260227_144349.json",
      "command": "bash scripts/restore_drill.sh /tmp/tmpfh4n_2qj/backups/archillx_backup_20260227_000000.tar.gz"
    },
    {
      "name": "migration_history",
      "ok": true,
      "severity": "info",
      "detail": "skipped by flag",
      "command": null
    }
  ]
}