{
  "plan_id": "plan_20260227_075832_1ef83e49",
  "created_at": "2026-02-27T07:58:32.473099+00:00",
  "inspection_id": "insp_20260227_075832_36e25f24",
  "items": [
    {
      "priority": "P0",
      "category": "operability",
      "title": "Investigate readiness: System readiness is degraded and requires operator attention.",
      "subject": "readiness",
      "expected_benefit": "restore operator confidence and deployment readiness",
      "suggested_scope": [
        "app/utils/system_health.py",
        "tests/test_api_system_routes.py"
      ],
      "requires_human_review": true,
      "source_inspection_id": "insp_20260227_075832_36e25f24"
    },
    {
      "priority": "P1",
      "category": "migration_gap",
      "title": "Investigate migration: Database migration state is behind or unknown.",
      "subject": "migration",
      "expected_benefit": "prevent schema drift and failed deployments",
      "suggested_scope": [
        "app/utils/migration_state.py",
        "tests/test_api_production_routes.py"
      ],
      "requires_human_review": true,
      "source_inspection_id": "insp_20260227_075832_36e25f24"
    },
    {
      "priority": "P2",
      "category": "stability",
      "title": "Investigate http: Recent HTTP 5xx responses detected in the last 5 minutes.",
      "subject": "http",
      "expected_benefit": "improve runtime stability and reduce incident frequency",
      "suggested_scope": [
        "app/main.py",
        "app/utils/telemetry.py",
        "tests/test_api_routes.py"
      ],
      "requires_human_review": true,
      "source_inspection_id": "insp_20260227_075832_36e25f24"
    },
    {
      "priority": "P2",
      "category": "reliability",
      "title": "Investigate skills: Skill failures have been observed and should be triaged.",
      "subject": "skills",
      "expected_benefit": "reduce repeated failures and improve success rate",
      "suggested_scope": [
        "app/runtime/skill_manager.py",
        "tests/test_api_security_integration.py"
      ],
      "requires_human_review": true,
      "source_inspection_id": "insp_20260227_075832_36e25f24"
    },
    {
      "priority": "P2",
      "category": "security",
      "title": "Investigate audit: Security audit shows blocked decisions that may merit pattern review.",
      "subject": "audit",
      "expected_benefit": "reduce security exposure and false-negative risk",
      "suggested_scope": [
        "app/security/audit_store.py",
        "tests/test_api_audit_summary_routes.py"
      ],
      "requires_human_review": true,
      "source_inspection_id": "insp_20260227_075832_36e25f24"
    },
    {
      "priority": "P1",
      "category": "deployment_gap",
      "title": "Investigate release_gate: Release or rollback gate failures exist in recent evidence and should be investigated before upgrades.",
      "subject": "release_gate",
      "expected_benefit": "improve upgrade confidence and reduce rollout risk",
      "suggested_scope": [
        "scripts/release_check.py",
        "scripts/rollback_check.py",
        "scripts/smoke_test_v37_release_check.py"
      ],
      "requires_human_review": true,
      "source_inspection_id": "insp_20260227_075832_36e25f24"
    }
  ],
  "evidence_path": null
}