{
  "plan_id": "plan_20260227_063227_1a3c4c70",
  "created_at": "2026-02-27T06:32:27.680447+00:00",
  "inspection_id": "insp_20260227_063227_54db197e",
  "items": [
    {
      "priority": "P0",
      "category": "operability",
      "title": "Investigate readiness: System readiness is degraded and requires operator attention.",
      "subject": "readiness",
      "expected_benefit": "restore operator confidence and deployment readiness",
      "suggested_scope": [
        "app/utils/system_health.py",
        "tests/test_api_system_routes.py"
      ],
      "requires_human_review": true,
      "source_inspection_id": "insp_20260227_063227_54db197e"
    },
    {
      "priority": "P1",
      "category": "migration_gap",
      "title": "Investigate migration: Database migration state is behind or unknown.",
      "subject": "migration",
      "expected_benefit": "prevent schema drift and failed deployments",
      "suggested_scope": [
        "app/utils/migration_state.py",
        "tests/test_api_production_routes.py"
      ],
      "requires_human_review": true,
      "source_inspection_id": "insp_20260227_063227_54db197e"
    },
    {
      "priority": "P2",
      "category": "stability",
      "title": "Investigate http: Recent HTTP 5xx responses detected in the last 5 minutes.",
      "subject": "http",
      "expected_benefit": "improve runtime stability and reduce incident frequency",
      "suggested_scope": [
        "app/main.py",
        "app/utils/telemetry.py",
        "tests/test_api_routes.py"
      ],
      "requires_human_review": true,
      "source_inspection_id": "insp_20260227_063227_54db197e"
    }
  ],
  "evidence_path": null
}